gene_id,baseMean,log2FoldChange,lfcSE,stat,pvalue,padj,status
NKX3-1,893.59,2.577,0.175,14.72,4.8413371802260524e-49,2.6482114375836506e-46,Up-regulated
GUCY1A3,150.04,2.336,0.176,13.25,4.371481685472016e-40,1.1956002409765965e-37,Up-regulated
MAOA,202.86,1.852,0.177,10.45,1.4156141725722967e-25,2.5811365079901543e-23,Up-regulated
ABCC4,1853.06,2.668,0.308,8.67,4.215367015476697e-18,5.764514393664383e-16,Up-regulated
ACSL3,240.84,2.235,0.262,8.52,1.6045581314945988e-17,1.7553865958550912e-15,Up-regulated
IGF1R,274.69,1.812,0.238,7.6,2.853140794828995e-14,2.601113357952434e-12,Up-regulated
NDRG1,319.24,1.54,0.216,7.14,9.035965939681953e-13,7.060961955722899e-11,Up-regulated
ZBTB10,150.84,2.436,0.353,6.9,5.223733386677674e-12,3.5717277031408596e-10,Up-regulated
TMPRSS2,172.38,2.709,0.396,6.84,8.01617298242613e-12,4.872051801541215e-10,Up-regulated
SEC14L2,215.87,1.238,0.183,6.77,1.2552300375502094e-11,6.866108305399645e-10,Up-regulated
CCND1,141.3,-1.679,0.279,-6.02,1.695314346792195e-09,8.43033588813937e-08,Down-regulated
KLK3,17044.92,2.049,0.344,5.95,2.6172769149900125e-09,1.1930420604162807e-07,Up-regulated
CDH1,59.45,-2.257,0.38,-5.94,2.867029460440755e-09,1.2063577806623793e-07,Down-regulated
FOXA1,172.94,-1.216,0.207,-5.89,3.970317719223995e-09,1.5512598517253752e-07,Down-regulated
PPAP2A,103.11,2.352,0.407,5.77,7.833929054805971e-09,2.8567727953192444e-07,Up-regulated
IGFBP3,257.56,-1.079,0.188,-5.75,9.04040484714025e-09,3.0906884071160734e-07,Down-regulated
STEAP1,98.48,2.447,0.428,5.72,1.0422675397354957e-08,3.3536490837371535e-07,Up-regulated
FKBP5,6945.34,2.392,0.427,5.6,2.195706501692811e-08,6.672508091255376e-07,Up-regulated
HERC3,34.89,1.411,0.254,5.56,2.6425983601229564e-08,7.607901594669775e-07,Up-regulated
BCL2,169.11,-1.386,0.258,-5.37,8.019912617700046e-08,2.1934461009409625e-06,Down-regulated
ELL2,113.6,1.699,0.329,5.16,2.4303192613554255e-07,6.330403028387704e-06,Up-regulated
GENE_0496,64.27,-1.095,0.217,-5.04,4.6625655896001364e-07,1.1592833534142157e-05,Down-regulated
GENE_0130,169.86,0.734,0.15,4.88,1.0487258646210514e-06,2.494143686729196e-05,Not Significant
GENE_0167,198.29,-0.835,0.175,-4.77,1.8774004928343813e-06,4.278908623251694e-05,Not Significant
GENE_0058,221.36,-0.656,0.143,-4.59,4.532558766246462e-06,9.91723858054726e-05,Not Significant
GENE_0202,318.95,0.621,0.136,4.57,4.824431296603816e-06,0.0001014986122785495,Not Significant
IL6,45.54,-1.398,0.307,-4.55,5.4523369254020665e-06,0.00011046030734055297,Down-regulated
GENE_0051,261.24,0.618,0.139,4.43,9.396246185406736e-06,0.00018356238083633874,Not Significant
DKK1,94.72,-1.348,0.326,-4.13,3.632728311039354e-05,0.0006852077193581126,Down-regulated
STEAP2,2259.06,2.177,0.547,3.98,6.911069902064311e-05,0.0012592799966606011,Up-regulated
SNAI2,171.43,-1.331,0.335,-3.97,7.136687366815107e-05,0.0012592799966606011,Down-regulated
CDKN1A,13.86,-1.907,0.492,-3.88,0.00010554746435490449,0.0018042019688166485,Down-regulated
GENE_0473,165.24,0.617,0.162,3.81,0.00013766468878484295,0.0022818965080396696,Not Significant
YWHAZ,67.77,0.71,0.193,3.67,0.00023978046264794682,0.0038576445020125564,Not Significant
GENE_0219,208.36,-0.816,0.225,-3.62,0.00029584971005657077,0.004623708325741264,Not Significant
GENE_0170,61.22,-0.692,0.195,-3.56,0.00037733559840888816,0.005733404786935051,Not Significant
GENE_0427,153.51,0.519,0.152,3.4,0.000664149159902775,0.009818637580184269,Not Significant
SLC45A3,138.32,1.482,0.44,3.37,0.0007639429561841237,0.010996757816650413,Up-regulated
GENE_0052,153.86,0.787,0.236,3.34,0.0008331310162070977,0.011556469253218076,Not Significant
GENE_0317,333.19,0.542,0.162,3.34,0.0008450800185168612,0.011556469253218076,Not Significant
GENE_0137,171.38,-0.727,0.231,-3.15,0.0016513053926840565,0.022030830482882416,Not Significant
GENE_0452,119.05,0.813,0.26,3.12,0.00180522122781526,0.023510857419403505,Not Significant
VIM,69.13,-0.671,0.22,-3.06,0.002242045631366488,0.028208834676078143,Not Significant
GENE_0061,106.06,-0.7,0.229,-3.05,0.002269083593688187,0.028208834676078143,Not Significant
GENE_0287,36.76,0.707,0.232,3.04,0.002363201889587793,0.02872603185787828,Not Significant
GENE_0472,43.96,0.722,0.245,2.95,0.0032110665867572685,0.03818377006426578,Not Significant
ACTB,6081.01,-0.901,0.316,-2.85,0.004321452474853157,0.050294351143503765,Not Significant
TGFB2,170.78,-1.135,0.407,-2.79,0.005337666019620125,0.06082715234858768,Not Significant
GENE_0303,232.91,-0.391,0.141,-2.77,0.005622417105272451,0.06200830258570008,Not Significant
GENE_0105,26.69,-0.77,0.278,-2.77,0.005668034971270574,0.06200830258570008,Not Significant
GENE_0247,35.86,-0.683,0.253,-2.7,0.006917498199024615,0.07341651026087109,Not Significant
GENE_0027,352.76,-0.361,0.134,-2.7,0.00697926605770621,0.07341651026087109,Not Significant
MYC,34.04,-2.624,0.977,-2.69,0.0072165461803327885,0.0744802030309818,Not Significant
GENE_0419,139.65,0.701,0.264,2.65,0.007957482418897202,0.08060634968771795,Not Significant
PMEPA1,286.91,1.787,0.679,2.63,0.008538950167122193,0.08492374075301526,Not Significant
GENE_0374,35.06,-0.826,0.315,-2.62,0.008762824215913281,0.08559401510901009,Not Significant
GENE_0177,302.53,0.566,0.217,2.61,0.00899177846025592,0.08628952311859629,Not Significant
GENE_0269,145.96,-0.854,0.336,-2.54,0.011055405544952528,0.10426391091532816,Not Significant
GENE_0261,341.35,0.752,0.297,2.53,0.011345532061605738,0.10518654301183626,Not Significant
GENE_0403,120.28,-0.751,0.298,-2.52,0.011723766540304688,0.10688167162577773,Not Significant
GENE_0072,65.79,-0.465,0.188,-2.47,0.013554299765311145,0.1215442946168065,Not Significant
GENE_0160,321.4,-0.52,0.213,-2.44,0.014545569202218368,0.12832945731634593,Not Significant
GENE_0369,242.51,-0.342,0.14,-2.44,0.014880083897574352,0.12919691892020907,Not Significant
GENE_0314,51.17,-0.683,0.283,-2.41,0.015770576345874737,0.13478914470614814,Not Significant
GENE_0437,574.78,-0.447,0.186,-2.4,0.016373788524183225,0.13779172804197268,Not Significant
GENE_0402,39.51,0.722,0.303,2.38,0.01734999643350629,0.1437946674110294,Not Significant
GENE_0055,374.57,0.562,0.237,2.37,0.017695189274246282,0.14446669452257788,Not Significant
GENE_0026,51.0,-0.522,0.221,-2.36,0.018094532429172874,0.14555454762878767,Not Significant
S100A6,413.74,1.058,0.45,2.35,0.01857931691231923,0.14728820798606695,Not Significant
GENE_0227,134.54,-0.623,0.27,-2.31,0.02077366042459233,0.16233131788931435,Not Significant
GENE_0103,138.89,0.454,0.199,2.28,0.022624943155411564,0.17430766064802994,Not Significant
GENE_0144,163.57,0.692,0.305,2.27,0.023280934205517273,0.1767048492106188,Not Significant
GENE_0484,276.64,-0.54,0.239,-2.26,0.023747180745117724,0.1767048492106188,Not Significant
GENE_0122,57.88,-0.443,0.196,-2.26,0.023905226401436545,0.1767048492106188,Not Significant
GENE_0073,53.77,-0.521,0.232,-2.24,0.024803400645861763,0.18089946871048512,Not Significant
GENE_0168,65.26,-0.417,0.189,-2.21,0.027184824654714525,0.19565919850169533,Not Significant
GENE_0275,130.4,0.44,0.203,2.17,0.030197504967424668,0.21451993788547133,Not Significant
GENE_0286,222.05,-0.549,0.256,-2.15,0.03185276522019389,0.22337772532623149,Not Significant
GENE_0245,198.01,-0.668,0.314,-2.13,0.03320385473188155,0.22990517137138242,Not Significant
GENE_0244,144.68,-0.627,0.296,-2.12,0.03398164661955611,0.2323495087612149,Not Significant
GENE_0497,138.94,0.501,0.238,2.11,0.035063096922684535,0.2367841236630672,Not Significant
GENE_0475,235.26,0.367,0.176,2.09,0.03659789219063007,0.24222717098561058,Not Significant
GENE_0347,27.82,-0.58,0.277,-2.09,0.0367547626906868,0.24222717098561058,Not Significant
AURKA,40.31,-0.499,0.241,-2.07,0.038393578651101636,0.25001532764467377,Not Significant
GENE_0134,102.46,0.606,0.296,2.05,0.04040421169573193,0.26001298585371024,Not Significant
GENE_0373,185.3,-0.578,0.283,-2.04,0.04097063488449412,0.26059229397463124,Not Significant
GENE_0433,59.74,-0.392,0.194,-2.03,0.04285841862246732,0.26946614926999574,Not Significant
GENE_0124,152.59,-0.411,0.211,-1.95,0.05127042670930951,0.31869231147718524,Not Significant
GENE_0067,28.37,0.634,0.33,1.92,0.05459142146539165,0.3355225566468453,Not Significant
GENE_0322,162.33,0.755,0.399,1.89,0.0582794781592321,0.3542097172566662,Not Significant
GENE_0199,14.97,-0.674,0.36,-1.87,0.06148470696349142,0.36958389790142643,Not Significant
GENE_0488,215.32,-0.63,0.34,-1.85,0.06439780362530337,0.38288694112001026,Not Significant
GENE_0307,146.86,-0.429,0.233,-1.84,0.06552888682823274,0.3854225924198205,Not Significant
GENE_0298,195.42,-0.442,0.243,-1.82,0.06823684905405597,0.39322563795603016,Not Significant
GENE_0394,93.46,0.37,0.203,1.82,0.06829330092472188,0.39322563795603016,Not Significant
GENE_0455,1110.17,-0.639,0.358,-1.78,0.07453990369608646,0.4208050514683778,Not Significant
GENE_0194,88.49,0.759,0.426,1.78,0.07462173673205237,0.4208050514683778,Not Significant
GENE_0232,523.37,-0.348,0.197,-1.77,0.07731211787673728,0.43082127798070824,Not Significant
GENE_0121,82.44,-0.405,0.23,-1.76,0.07867977313761436,0.43082127798070824,Not Significant
GENE_0237,322.45,-0.586,0.334,-1.76,0.0792184570246117,0.43082127798070824,Not Significant
GENE_0030,39.16,-0.652,0.372,-1.75,0.0795483529726719,0.43082127798070824,Not Significant
GENE_0085,207.46,0.559,0.32,1.75,0.08045154010133151,0.43144110230812094,Not Significant
GENE_0022,146.44,0.655,0.382,1.71,0.08656837464061296,0.45973690221762414,Not Significant
GENE_0062,205.85,0.399,0.239,1.67,0.094635035678078,0.4977438895760449,Not Significant
GENE_0349,280.68,-0.58,0.348,-1.67,0.09555739406789035,0.497808519572724,Not Significant
GENE_0355,247.32,0.253,0.153,1.66,0.09674756799021596,0.499253959345737,Not Significant
GENE_0115,463.93,-0.246,0.149,-1.65,0.09824808705482345,0.4995255927567691,Not Significant
GENE_0074,1006.88,-0.382,0.231,-1.65,0.09928455615527569,0.4995255927567691,Not Significant
GENE_0114,346.08,0.485,0.294,1.65,0.0995398347540911,0.4995255927567691,Not Significant
GENE_0319,324.28,0.415,0.254,1.64,0.10173273411411825,0.5005638235817561,Not Significant
GENE_0326,276.13,0.699,0.427,1.64,0.10181104650594862,0.5005638235817561,Not Significant
GENE_0324,424.01,-0.542,0.332,-1.63,0.10249204431655702,0.5005638235817561,Not Significant
GENE_0054,219.81,-0.561,0.344,-1.63,0.10367711786787014,0.5018706502099555,Not Significant
GENE_0157,179.92,0.659,0.406,1.62,0.10482332961764121,0.5029680815864013,Not Significant
GENE_0109,43.34,0.418,0.258,1.62,0.10610015337678358,0.5046676860617445,Not Significant
GENE_0045,152.85,0.566,0.354,1.6,0.10961640851010221,0.5122697028367054,Not Significant
GENE_0139,249.96,-0.487,0.305,-1.6,0.10995734693600265,0.5122697028367054,Not Significant
GENE_0068,56.1,-0.518,0.325,-1.59,0.11099251428886803,0.5122697028367054,Not Significant
GENE_0258,55.46,0.548,0.344,1.59,0.11144441432827776,0.5122697028367054,Not Significant
GENE_0408,508.21,-0.409,0.258,-1.59,0.11295848800371755,0.5149024411502792,Not Significant
GENE_0412,503.22,-0.521,0.332,-1.57,0.11604732060242967,0.5185581647986747,Not Significant
GENE_0315,33.45,-0.809,0.515,-1.57,0.11634496495402143,0.5185581647986747,Not Significant
GENE_0425,102.21,-0.509,0.326,-1.56,0.11790934443115346,0.5185581647986747,Not Significant
HMBS,50.54,0.451,0.289,1.56,0.11810008351057466,0.5185581647986747,Not Significant
GENE_0216,69.91,0.783,0.501,1.56,0.1185004946980518,0.5185581647986747,Not Significant
GENE_0447,322.57,-0.499,0.323,-1.55,0.12221307289972257,0.5253096158401384,Not Significant
GENE_0391,317.41,0.535,0.347,1.54,0.1226117629836453,0.5253096158401384,Not Significant
GENE_0288,106.36,0.321,0.208,1.54,0.12292437079988612,0.5253096158401384,Not Significant
GENE_0489,214.02,0.32,0.21,1.53,0.1271843903207929,0.5393012519804163,Not Significant
GENE_0382,260.87,-0.325,0.214,-1.52,0.12903449167894537,0.5415153564729017,Not Significant
GENE_0396,30.42,-0.372,0.246,-1.52,0.12968649304926896,0.5415153564729017,Not Significant
GENE_0143,256.18,-0.55,0.367,-1.5,0.13397139399617713,0.5460521492172985,Not Significant
GENE_0451,44.16,-0.693,0.463,-1.49,0.13499789498198667,0.5460521492172985,Not Significant
B2M,132.25,-0.3,0.202,-1.49,0.1368460006349921,0.5460521492172985,Not Significant
GENE_0161,21.02,0.424,0.285,1.49,0.1370475506055888,0.5460521492172985,Not Significant
GENE_0357,282.11,-0.512,0.345,-1.48,0.13798651404735524,0.5460521492172985,Not Significant
GENE_0426,524.31,0.298,0.201,1.48,0.1380381938283278,0.5460521492172985,Not Significant
GENE_0166,1239.82,0.256,0.173,1.47,0.14034782139587942,0.5460521492172985,Not Significant
GENE_0440,144.68,-0.669,0.454,-1.47,0.14079071700143564,0.5460521492172985,Not Significant
GENE_0260,201.34,0.624,0.424,1.47,0.14096090329126193,0.5460521492172985,Not Significant
GENE_0273,61.24,0.282,0.192,1.47,0.14131434354283137,0.5460521492172985,Not Significant
GENE_0056,214.63,0.25,0.17,1.47,0.14211854028956045,0.5460521492172985,Not Significant
GENE_0108,43.74,-0.718,0.491,-1.46,0.14361766898039383,0.5460521492172985,Not Significant
GENE_0345,88.36,-0.261,0.179,-1.46,0.14375047438261607,0.5460521492172985,Not Significant
GENE_0439,299.75,0.397,0.275,1.44,0.1490688516420106,0.5548013787231335,Not Significant
GENE_0285,378.02,0.582,0.404,1.44,0.14946061537083613,0.5548013787231335,Not Significant
GENE_0465,174.46,0.641,0.446,1.44,0.1500599654775722,0.5548013787231335,Not Significant
GENE_0371,803.01,0.239,0.167,1.43,0.15157459363995043,0.5548013787231335,Not Significant
GENE_0430,72.63,-0.487,0.34,-1.43,0.1517645282220646,0.5548013787231335,Not Significant
GENE_0014,32.03,0.434,0.304,1.43,0.1539508405101155,0.5548013787231335,Not Significant
GENE_0328,63.31,-0.72,0.506,-1.42,0.15506186333316657,0.5548013787231335,Not Significant
GENE_0411,110.92,-0.841,0.593,-1.42,0.1557061045154611,0.5548013787231335,Not Significant
GENE_0231,74.87,0.647,0.456,1.42,0.1558326021836,0.5548013787231335,Not Significant
GENE_0075,94.12,-0.311,0.22,-1.41,0.1578262702968174,0.5548013787231335,Not Significant
GENE_0320,280.64,0.331,0.235,1.41,0.15792270517994977,0.5548013787231335,Not Significant
GENE_0265,161.55,-0.425,0.301,-1.41,0.15822489045851706,0.5548013787231335,Not Significant
GENE_0477,28.91,0.403,0.287,1.4,0.1606196847912471,0.5552702792217517,Not Significant
TOP2A,54.22,-0.667,0.477,-1.4,0.16199726748202403,0.5552702792217517,Not Significant
GENE_0344,308.13,-0.471,0.337,-1.4,0.16234221991378417,0.5552702792217517,Not Significant
GENE_0145,77.6,0.679,0.488,1.39,0.16400820065818056,0.5552702792217517,Not Significant
GENE_0281,73.19,0.331,0.239,1.39,0.16527589248133134,0.5552702792217517,Not Significant
GENE_0132,141.2,0.465,0.336,1.39,0.16587415044296538,0.5552702792217517,Not Significant
GENE_0379,76.62,-0.501,0.362,-1.38,0.1669772668492363,0.5552702792217517,Not Significant
GENE_0348,106.51,-0.276,0.2,-1.38,0.16732499307909876,0.5552702792217517,Not Significant
GENE_0367,25.79,0.361,0.262,1.38,0.16786473198620133,0.5552702792217517,Not Significant
GENE_0091,268.25,0.478,0.347,1.38,0.16850981051336522,0.5552702792217517,Not Significant
GENE_0039,436.37,0.511,0.377,1.35,0.17542815717774984,0.5746059998576597,Not Significant
GENE_0401,148.86,-0.291,0.216,-1.35,0.17763642794943724,0.5782994995706661,Not Significant
GENE_0306,65.59,-0.342,0.254,-1.34,0.17867022930062626,0.5782994995706661,Not Significant
GENE_0280,312.14,0.233,0.175,1.33,0.18268959513937733,0.5827596643474466,Not Significant
GENE_0192,110.74,-0.827,0.622,-1.33,0.18328297302668162,0.5827596643474466,Not Significant
GENE_0117,110.74,0.505,0.38,1.33,0.18387374335055173,0.5827596643474466,Not Significant
GENE_0155,163.57,0.225,0.17,1.32,0.1853036202678472,0.5827596643474466,Not Significant
GENE_0422,910.09,-0.308,0.233,-1.32,0.1865707814306531,0.5827596643474466,Not Significant
GENE_0099,81.05,-0.257,0.195,-1.32,0.18736295578701356,0.5827596643474466,Not Significant
GENE_0176,191.42,0.446,0.338,1.32,0.18750585178272505,0.5827596643474466,Not Significant
GENE_0065,36.13,0.556,0.424,1.31,0.1902253913924905,0.5878716897835724,Not Significant
GENE_0372,364.81,0.41,0.314,1.31,0.19147726582278635,0.5884160921632816,Not Significant
GENE_0294,487.44,-0.375,0.288,-1.3,0.19272988953003078,0.5889567015247309,Not Significant
GENE_0381,298.77,0.176,0.136,1.29,0.19653889930942736,0.5972598773458709,Not Significant
GENE_0184,126.1,0.602,0.47,1.28,0.19979200567396105,0.6037913099649541,Not Significant
GENE_0466,140.97,0.392,0.307,1.28,0.20165435261046605,0.6060710487798073,Not Significant
GENE_0368,16.13,-0.657,0.517,-1.27,0.203809052236528,0.6091997353736657,Not Significant
GENE_0364,427.73,-0.249,0.198,-1.26,0.20683042645126049,0.6092659040343911,Not Significant
GENE_0270,171.04,-0.33,0.262,-1.26,0.20703885871176742,0.6092659040343911,Not Significant
GENE_0278,258.72,-0.38,0.301,-1.26,0.2071726840043816,0.6092659040343911,Not Significant
GENE_0086,568.56,-0.562,0.453,-1.24,0.21495824765998683,0.6262479623456589,Not Significant
GENE_0234,47.36,-0.258,0.208,-1.24,0.2158036058800369,0.6262479623456589,Not Significant
GENE_0025,94.4,0.287,0.233,1.23,0.21694134312568325,0.6262479623456589,Not Significant
GENE_0242,94.14,0.478,0.388,1.23,0.21752671452591443,0.6262479623456589,Not Significant
GENE_0299,127.93,0.546,0.451,1.21,0.22588829903311125,0.6395474562405989,Not Significant
GENE_0482,491.24,0.505,0.418,1.21,0.22698232937205376,0.6395474562405989,Not Significant
GENE_0436,591.55,0.179,0.149,1.21,0.2271368754313008,0.6395474562405989,Not Significant
GENE_0312,254.86,0.537,0.445,1.21,0.22754241094897953,0.6395474562405989,Not Significant
GENE_0297,107.84,-0.238,0.197,-1.21,0.22799223759948228,0.6395474562405989,Not Significant
GENE_0018,1245.02,0.601,0.502,1.2,0.23050294402226124,0.6432913794906985,Not Significant
GENE_0195,31.19,0.462,0.387,1.19,0.23246627291645983,0.6440351068572657,Not Significant
GENE_0049,233.82,0.427,0.358,1.19,0.2331934460531505,0.6440351068572657,Not Significant
GENE_0036,233.35,0.497,0.419,1.19,0.23525523703106688,0.6440351068572657,Not Significant
GENE_0214,184.46,0.174,0.146,1.19,0.23547901530430193,0.6440351068572657,Not Significant
GENE_0444,19.13,-0.871,0.736,-1.18,0.23673379914521808,0.6442457121016631,Not Significant
GENE_0031,127.49,0.211,0.179,1.18,0.2391298117666636,0.6475445892889357,Not Significant
GENE_0264,177.43,0.493,0.42,1.17,0.24099552921360134,0.6493820417726106,Not Significant
GENE_0282,108.97,-0.335,0.288,-1.16,0.2442356004654943,0.6521053174954539,Not Significant
GENE_0434,59.87,0.466,0.4,1.16,0.2449792359273988,0.6521053174954539,Not Significant
GENE_0131,160.98,-0.429,0.37,-1.16,0.24558262413905574,0.6521053174954539,Not Significant
GENE_0032,23.85,-0.312,0.27,-1.16,0.2470532495265103,0.6528411956087011,Not Significant
GENE_0053,48.87,0.409,0.357,1.15,0.25220123122025717,0.6632407378725033,Not Significant
GENE_0251,153.21,-0.241,0.212,-1.13,0.25700166710905936,0.6726311574576816,Not Significant
GENE_0262,262.44,0.249,0.221,1.13,0.25974942145904956,0.6735484471639739,Not Significant
GENE_0495,395.32,-0.544,0.486,-1.12,0.26271217096607524,0.6735484471639739,Not Significant
GUSB,12.99,-0.553,0.494,-1.12,0.26320276361671624,0.6735484471639739,Not Significant
GENE_0133,104.62,0.184,0.165,1.12,0.26349850819498066,0.6735484471639739,Not Significant
GENE_0429,587.07,-0.269,0.241,-1.12,0.2642905316048437,0.6735484471639739,Not Significant
GENE_0107,314.58,-0.296,0.266,-1.11,0.26595593765798553,0.6735484471639739,Not Significant
GENE_0470,392.3,-0.319,0.287,-1.11,0.2659715988801067,0.6735484471639739,Not Significant
GENE_0060,75.54,0.431,0.389,1.11,0.26762388015861094,0.6746095043629501,Not Significant
GENE_0257,73.0,-0.512,0.464,-1.1,0.26928844706910027,0.6755524642242682,Not Significant
GENE_0082,79.68,-0.488,0.443,-1.1,0.2704679884188569,0.6755524642242682,Not Significant
GENE_0263,250.02,0.409,0.376,1.09,0.27729619327166033,0.6857052039180047,Not Significant
GENE_0292,284.02,-0.285,0.263,-1.09,0.2775537326844163,0.6857052039180047,Not Significant
GENE_0204,571.29,0.514,0.474,1.08,0.27829351968884286,0.6857052039180047,Not Significant
GENE_0090,512.8,0.313,0.293,1.07,0.285858394119179,0.7011862851264167,Not Significant
GENE_0191,55.46,0.411,0.39,1.05,0.2916315015832408,0.7092632227992137,Not Significant
GENE_0316,365.41,-0.502,0.476,-1.05,0.2922471760368357,0.7092632227992137,Not Significant
GENE_0080,172.9,-0.357,0.341,-1.05,0.2948602540203944,0.7092632227992137,Not Significant
GENE_0129,17.91,-0.353,0.34,-1.04,0.29912364286417503,0.7092632227992137,Not Significant
GENE_0295,146.14,-0.344,0.332,-1.04,0.29994473843328784,0.7092632227992137,Not Significant
GENE_0424,329.06,0.323,0.311,1.04,0.3000193393529017,0.7092632227992137,Not Significant
GENE_0172,172.41,-0.366,0.354,-1.04,0.30021787307234205,0.7092632227992137,Not Significant
GENE_0094,110.22,-0.346,0.334,-1.03,0.3008252220755053,0.7092632227992137,Not Significant
GENE_0042,80.72,-0.316,0.306,-1.03,0.30087408397606885,0.7092632227992137,Not Significant
GENE_0084,197.54,0.479,0.464,1.03,0.30211760678650235,0.7092632227992137,Not Significant
GENE_0407,963.26,0.304,0.299,1.02,0.30854881092288855,0.7212658101488035,Not Significant
GENE_0480,99.62,-0.389,0.383,-1.01,0.31057390133892837,0.7229103150314631,Not Significant
GENE_0493,187.92,0.494,0.492,1.0,0.3161735504381318,0.7328259834307546,Not Significant
GENE_0097,18.86,0.453,0.454,1.0,0.31806137727821615,0.734091026882634,Not Significant
GENE_0478,82.94,0.558,0.566,0.99,0.3244190524010384,0.7456185784175127,Not Significant
GENE_0325,25.58,0.459,0.47,0.98,0.3288958673448422,0.747217621820501,Not Significant
GENE_0141,69.69,0.304,0.312,0.97,0.3297635876047129,0.747217621820501,Not Significant
GENE_0276,300.94,-0.365,0.375,-0.97,0.3304076109340077,0.747217621820501,Not Significant
GENE_0241,420.2,0.277,0.285,0.97,0.33057891129901507,0.747217621820501,Not Significant
GENE_0142,172.64,0.348,0.36,0.97,0.33346387346930195,0.7506367851346015,Not Significant
GENE_0163,178.59,-0.486,0.507,-0.96,0.3381836866734027,0.7581412975834069,Not Significant
GENE_0096,400.5,-0.252,0.264,-0.95,0.3404759623610679,0.7601646996387924,Not Significant
GENE_0240,234.73,0.303,0.32,0.95,0.3429537335677575,0.7609715715432357,Not Significant
GENE_0354,218.52,0.4,0.423,0.95,0.34455625239645493,0.7609715715432357,Not Significant
GENE_0029,80.79,-0.296,0.315,-0.94,0.34775712105245793,0.7609715715432357,Not Significant
GENE_0296,140.78,0.205,0.222,0.93,0.3547609456472831,0.7609715715432357,Not Significant
GENE_0156,57.77,-0.308,0.334,-0.92,0.3564225809449022,0.7609715715432357,Not Significant
GENE_0104,61.92,-0.48,0.523,-0.92,0.35863440995642615,0.7609715715432357,Not Significant
GENE_0313,33.9,-0.268,0.293,-0.91,0.36091998162316496,0.7609715715432357,Not Significant
GENE_0187,124.56,-0.23,0.252,-0.91,0.3613844747158367,0.7609715715432357,Not Significant
GENE_0418,186.38,-0.364,0.402,-0.9,0.3655726183396829,0.7609715715432357,Not Significant
GENE_0390,54.64,-0.331,0.366,-0.9,0.3661005832238081,0.7609715715432357,Not Significant
GENE_0311,14.96,-0.296,0.328,-0.9,0.36674114022865767,0.7609715715432357,Not Significant
GENE_0481,27.12,-0.309,0.342,-0.9,0.3670379664676937,0.7609715715432357,Not Significant
GENE_0211,540.62,-0.285,0.317,-0.9,0.36814945228186846,0.7609715715432357,Not Significant
GENE_0041,507.36,0.353,0.392,0.9,0.3681923717940975,0.7609715715432357,Not Significant
GENE_0092,23.83,-0.27,0.3,-0.9,0.3692511879438777,0.7609715715432357,Not Significant
GENE_0118,153.21,0.283,0.315,0.9,0.36959299491491027,0.7609715715432357,Not Significant
GENE_0464,48.14,0.186,0.207,0.9,0.36991558161691396,0.7609715715432357,Not Significant
GENE_0230,148.06,0.195,0.218,0.89,0.37126327687347216,0.7609715715432357,Not Significant
GENE_0309,94.97,0.367,0.411,0.89,0.3718656549578506,0.7609715715432357,Not Significant
GENE_0183,43.82,-0.455,0.511,-0.89,0.3732449294442203,0.7609715715432357,Not Significant
GENE_0461,172.88,-0.302,0.339,-0.89,0.3736338334638871,0.7609715715432357,Not Significant
GENE_0272,166.51,0.256,0.288,0.89,0.37509620594586346,0.7609715715432357,Not Significant
GENE_0189,1205.15,-0.289,0.326,-0.89,0.37550617278928156,0.7609715715432357,Not Significant
GENE_0077,195.79,0.282,0.319,0.88,0.3765920256231684,0.7609715715432357,Not Significant
GENE_0485,120.77,-0.232,0.262,-0.88,0.3769389491859204,0.7609715715432357,Not Significant
GENE_0479,64.8,0.325,0.368,0.88,0.3770078535433581,0.7609715715432357,Not Significant
GENE_0050,111.51,-0.316,0.359,-0.88,0.38006477152736906,0.7643214339171723,Not Significant
GENE_0179,164.33,-0.306,0.351,-0.87,0.3833608574996945,0.7681259672246625,Not Significant
GENE_0076,21.89,-0.6,0.693,-0.87,0.38676993411351124,0.7721282991244185,Not Significant
GENE_0033,116.74,-0.174,0.202,-0.86,0.3895773079950168,0.774904681720997,Not Significant
GENE_0175,122.38,0.335,0.392,0.85,0.3928107481347123,0.7785053595278537,Not Significant
GENE_0406,180.55,0.358,0.423,0.85,0.39697164745067737,0.7810514589688498,Not Significant
GENE_0215,287.92,-0.412,0.49,-0.84,0.40066657351261026,0.7810514589688498,Not Significant
GENE_0256,170.06,-0.243,0.289,-0.84,0.40115494389818906,0.7810514589688498,Not Significant
GENE_0435,678.42,0.454,0.544,0.83,0.4037825183861592,0.7810514589688498,Not Significant
GENE_0310,97.86,-0.452,0.542,-0.83,0.40399128175492127,0.7810514589688498,Not Significant
GENE_0064,52.92,0.264,0.317,0.83,0.4041260213057265,0.7810514589688498,Not Significant
GENE_0416,150.44,0.245,0.295,0.83,0.40487758006840047,0.7810514589688498,Not Significant
GAPDH,9372.89,0.312,0.376,0.83,0.4063083568237562,0.7810514589688498,Not Significant
GENE_0289,52.43,-0.261,0.316,-0.83,0.40748147723800077,0.7810514589688498,Not Significant
GENE_0037,769.62,0.338,0.41,0.82,0.4098611136193464,0.7810514589688498,Not Significant
GENE_0196,624.9,0.24,0.292,0.82,0.4121920001864364,0.7810514589688498,Not Significant
GENE_0384,22.05,-0.316,0.388,-0.81,0.41524048737439434,0.7810514589688498,Not Significant
GENE_0238,114.35,-0.214,0.263,-0.81,0.4155405004696944,0.7810514589688498,Not Significant
GENE_0337,198.33,-0.121,0.148,-0.81,0.4162427712385386,0.7810514589688498,Not Significant
GENE_0365,96.2,0.179,0.22,0.81,0.41635536706327336,0.7810514589688498,Not Significant
GENE_0070,17.09,0.251,0.309,0.81,0.41704805339106976,0.7810514589688498,Not Significant
GENE_0487,78.39,0.432,0.534,0.81,0.41836942866155935,0.7810514589688498,Not Significant
GENE_0028,342.33,0.24,0.299,0.8,0.42083062217695455,0.7829739807169869,Not Significant
GENE_0154,1218.51,0.097,0.123,0.79,0.4299795368509768,0.7972541872766223,Not Significant
GENE_0200,83.42,0.266,0.339,0.78,0.4338105827558114,0.7972541872766223,Not Significant
GENE_0490,26.63,0.403,0.518,0.78,0.43610605374112255,0.7972541872766223,Not Significant
GENE_0190,160.44,0.261,0.336,0.78,0.4367412824232447,0.7972541872766223,Not Significant
GENE_0259,24.11,0.431,0.556,0.77,0.43850612986897675,0.7972541872766223,Not Significant
GENE_0450,452.3,-0.284,0.367,-0.77,0.43914188130686793,0.7972541872766223,Not Significant
GENE_0350,259.5,-0.327,0.423,-0.77,0.4392452798772847,0.7972541872766223,Not Significant
GENE_0405,113.88,0.257,0.334,0.77,0.44201217613194044,0.7972541872766223,Not Significant
GENE_0253,12.66,-0.27,0.353,-0.77,0.44398128499570677,0.7972541872766223,Not Significant
GENE_0458,128.26,0.332,0.436,0.76,0.44536392533825675,0.7972541872766223,Not Significant
GENE_0198,113.52,-0.253,0.332,-0.76,0.44607056471238526,0.7972541872766223,Not Significant
GENE_0492,390.91,-0.313,0.412,-0.76,0.44727402416147843,0.7972541872766223,Not Significant
GENE_0342,28.13,-0.203,0.268,-0.76,0.44745344697243705,0.7972541872766223,Not Significant
GENE_0476,374.16,-0.439,0.581,-0.76,0.4496327018173183,0.7985359996560815,Not Significant
GENE_0226,16.58,0.405,0.539,0.75,0.4523654523393815,0.8005109204200384,Not Significant
GENE_0128,231.88,-0.376,0.501,-0.75,0.45367163680111866,0.8005109204200384,Not Significant
GENE_0217,464.43,0.285,0.382,0.75,0.45518197106962976,0.8005933703379019,Not Significant
GENE_0228,122.39,0.216,0.292,0.74,0.4597419810768475,0.805021146842553,Not Significant
GENE_0126,706.74,-0.336,0.455,-0.74,0.460642813458353,0.805021146842553,Not Significant
GENE_0252,264.45,-0.178,0.242,-0.73,0.4635711170392569,0.8075586019760304,Not Significant
GENE_0019,28.24,0.281,0.386,0.73,0.46705434373956545,0.8110435746842612,Not Significant
GENE_0332,96.3,0.255,0.355,0.72,0.4732812522788523,0.814113151995824,Not Significant
GENE_0016,480.28,-0.217,0.303,-0.72,0.4744273244034988,0.814113151995824,Not Significant
GENE_0267,23.84,-0.273,0.381,-0.71,0.47479107003904397,0.814113151995824,Not Significant
GENE_0111,188.69,-0.25,0.351,-0.71,0.4764791266505629,0.814113151995824,Not Significant
GENE_0083,283.25,0.235,0.331,0.71,0.47742363464623405,0.814113151995824,Not Significant
GENE_0012,111.54,-0.38,0.535,-0.71,0.47775195939791504,0.814113151995824,Not Significant
GENE_0224,113.13,-0.322,0.456,-0.71,0.4800962082769673,0.8155671612655315,Not Significant
GENE_0193,96.47,-0.306,0.438,-0.7,0.4855596975825158,0.8222945962155919,Not Significant
GENE_0499,157.23,-0.244,0.352,-0.69,0.4874308249179512,0.8229156210806152,Not Significant
GENE_0209,73.4,0.324,0.468,0.69,0.48939614482529004,0.8236913575982574,Not Significant
TBP,176.72,0.224,0.328,0.68,0.4943157568436306,0.827700379715868,Not Significant
GENE_0360,76.98,0.359,0.527,0.68,0.4956566032913743,0.827700379715868,Not Significant
GENE_0457,409.6,-0.238,0.351,-0.68,0.4976426071915292,0.827700379715868,Not Significant
GENE_0380,896.73,-0.171,0.253,-0.68,0.49783075854939773,0.827700379715868,Not Significant
GENE_0186,444.31,-0.3,0.449,-0.67,0.5039859895005276,0.8353949583539049,Not Significant
GENE_0366,359.1,-0.222,0.335,-0.66,0.5078053007906044,0.8371198080709353,Not Significant
GENE_0266,313.9,0.318,0.48,0.66,0.5082184598121782,0.8371198080709353,Not Significant
GENE_0420,308.44,-0.254,0.385,-0.66,0.5096177259371507,0.8371198080709353,Not Significant
GENE_0151,72.39,-0.281,0.435,-0.65,0.5182474195649353,0.8474861127188631,Not Significant
GENE_0100,226.46,-0.215,0.334,-0.64,0.5199578153524871,0.8474861127188631,Not Significant
GENE_0410,108.48,-0.237,0.369,-0.64,0.5212189838169599,0.8474861127188631,Not Significant
GENE_0239,102.92,-0.314,0.491,-0.64,0.5221258135032119,0.8474861127188631,Not Significant
GENE_0112,221.32,-0.181,0.285,-0.64,0.5247862823971567,0.8479440553634352,Not Significant
GENE_0442,418.62,0.298,0.469,0.63,0.5255082902526591,0.8479440553634352,Not Significant
GENE_0001,25.32,-0.166,0.262,-0.63,0.5280834325768067,0.8495930518220979,Not Significant
GENE_0246,37.03,-0.186,0.299,-0.62,0.5341876828624422,0.8568934384919528,Not Significant
GENE_0336,526.28,0.229,0.374,0.61,0.5393140238592941,0.858699532425896,Not Significant
GENE_0069,112.35,-0.235,0.383,-0.61,0.5396062779139862,0.858699532425896,Not Significant
GENE_0066,141.22,0.135,0.221,0.61,0.5400231063153715,0.858699532425896,Not Significant
GENE_0093,172.99,-0.157,0.26,-0.6,0.546194039956702,0.8632474483791266,Not Significant
GENE_0293,90.39,-0.279,0.465,-0.6,0.5485781765945865,0.8632474483791266,Not Significant
GENE_0291,145.02,0.11,0.183,0.6,0.5487489487571839,0.8632474483791266,Not Significant
GENE_0007,995.6,-0.217,0.364,-0.6,0.5513694942897975,0.8632474483791266,Not Significant
GENE_0138,65.63,-0.128,0.217,-0.59,0.5554051404564398,0.8632474483791266,Not Significant
GENE_0181,51.4,0.119,0.202,0.59,0.5558903717219937,0.8632474483791266,Not Significant
GENE_0225,11.82,0.213,0.363,0.59,0.5575082912319644,0.8632474483791266,Not Significant
GENE_0277,235.37,-0.127,0.217,-0.59,0.5580902971868703,0.8632474483791266,Not Significant
GENE_0048,32.7,-0.232,0.396,-0.59,0.5584574397932738,0.8632474483791266,Not Significant
GENE_0361,123.57,-0.194,0.332,-0.58,0.5602174500816322,0.8632474483791266,Not Significant
GENE_0015,154.16,-0.177,0.305,-0.58,0.5607758422200041,0.8632474483791266,Not Significant
PPIA,55.22,-0.188,0.323,-0.58,0.5618210084514974,0.8632474483791266,Not Significant
GENE_0446,15.44,-0.375,0.658,-0.57,0.568277382014322,0.8707219270639612,Not Significant
GENE_0009,367.58,0.178,0.314,0.57,0.5709374638462251,0.8720408452020793,Not Significant
GENE_0352,144.4,-0.184,0.326,-0.56,0.5723266241819862,0.8720408452020793,Not Significant
GENE_0283,491.38,0.153,0.273,0.56,0.5742312290142336,0.8725124507521828,Not Significant
GENE_0047,47.94,0.237,0.427,0.55,0.5798664744588733,0.878634242462614,Not Significant
GENE_0153,89.62,-0.216,0.402,-0.54,0.5903611005170839,0.888887191312587,Not Significant
GENE_0468,269.04,-0.247,0.459,-0.54,0.5910520090085474,0.888887191312587,Not Significant
GENE_0236,233.13,-0.299,0.557,-0.54,0.5915081126833303,0.888887191312587,Not Significant
GENE_0079,133.27,-0.15,0.283,-0.53,0.5973060785950461,0.8894205957280038,Not Significant
GENE_0486,23.33,0.141,0.271,0.52,0.6041476637205748,0.8894205957280038,Not Significant
GENE_0359,386.31,0.163,0.314,0.52,0.6041676833848818,0.8894205957280038,Not Significant
GENE_0038,77.17,0.19,0.366,0.52,0.6044387886245436,0.8894205957280038,Not Significant
GENE_0448,739.46,0.2,0.387,0.52,0.6049091989815778,0.8894205957280038,Not Significant
GENE_0005,230.3,0.238,0.461,0.52,0.6052993235355723,0.8894205957280038,Not Significant
GENE_0255,49.37,-0.174,0.336,-0.52,0.6055895651120923,0.8894205957280038,Not Significant
GENE_0284,12.35,-0.431,0.839,-0.51,0.6073385787109846,0.8894205957280038,Not Significant
GENE_0158,218.55,-0.256,0.498,-0.51,0.6079607171977548,0.8894205957280038,Not Significant
GENE_0387,163.1,0.182,0.354,0.51,0.6081230398579038,0.8894205957280038,Not Significant
GENE_0304,160.85,-0.121,0.241,-0.5,0.6154190636266444,0.8976912741433988,Not Significant
GENE_0078,223.51,-0.188,0.378,-0.5,0.6194473211799474,0.9011640550144447,Not Significant
GENE_0330,69.77,-0.195,0.399,-0.49,0.6249555280024607,0.9067657130433581,Not Significant
GENE_0431,417.69,0.081,0.166,0.48,0.6283026734459148,0.9075484139409403,Not Significant
GENE_0385,1377.58,0.116,0.242,0.48,0.6324920098894584,0.9075484139409403,Not Significant
GENE_0327,16.74,0.313,0.655,0.48,0.6329425391916934,0.9075484139409403,Not Significant
GENE_0388,44.41,-0.167,0.352,-0.48,0.6344378560810027,0.9075484139409403,Not Significant
GENE_0197,18.9,-0.14,0.296,-0.47,0.6356126308841635,0.9075484139409403,Not Significant
GENE_0222,201.56,-0.155,0.328,-0.47,0.6369204988201023,0.9075484139409403,Not Significant
GENE_0127,98.46,-0.118,0.251,-0.47,0.6371089414137496,0.9075484139409403,Not Significant
GENE_0393,94.99,0.206,0.446,0.46,0.6436138542767451,0.9134197457076089,Not Significant
PGK1,257.95,0.14,0.307,0.46,0.647890094251824,0.9134197457076089,Not Significant
GENE_0182,165.02,-0.133,0.293,-0.45,0.6495008900580368,0.9134197457076089,Not Significant
GENE_0221,30.61,-0.233,0.517,-0.45,0.6523308702765902,0.9134197457076089,Not Significant
GENE_0017,180.38,-0.086,0.19,-0.45,0.6524299218359182,0.9134197457076089,Not Significant
GENE_0220,310.29,0.17,0.38,0.45,0.6555467177983999,0.9134197457076089,Not Significant
GENE_0101,28.91,0.111,0.249,0.45,0.6558718778415047,0.9134197457076089,Not Significant
GENE_0113,25.97,0.16,0.36,0.44,0.6576403314754913,0.9134197457076089,Not Significant
GENE_0421,462.83,-0.163,0.371,-0.44,0.6598589426563592,0.9134197457076089,Not Significant
GENE_0035,48.01,-0.157,0.359,-0.44,0.6616360057534638,0.9134197457076089,Not Significant
GENE_0040,347.51,0.07,0.16,0.44,0.6624321581951429,0.9134197457076089,Not Significant
GENE_0338,44.88,-0.092,0.212,-0.44,0.6634656968181869,0.9134197457076089,Not Significant
GENE_0474,258.14,-0.156,0.361,-0.43,0.6655938923176495,0.9134197457076089,Not Significant
GENE_0098,49.5,0.142,0.328,0.43,0.6658951623722481,0.9134197457076089,Not Significant
GENE_0343,146.81,0.099,0.23,0.43,0.6662787541816013,0.9134197457076089,Not Significant
RPLP0,47.18,-0.089,0.208,-0.43,0.66863535380041,0.9143588463220605,Not Significant
GENE_0274,317.58,0.115,0.271,0.43,0.6703170762137145,0.9143726700471368,Not Significant
GENE_0043,533.34,-0.115,0.275,-0.42,0.6742679635409141,0.9174740697932339,Not Significant
GENE_0376,208.66,-0.077,0.187,-0.41,0.6805853160599562,0.9196818259003515,Not Significant
GENE_0148,173.01,-0.152,0.37,-0.41,0.6806652949458847,0.9196818259003515,Not Significant
GENE_0417,354.18,0.186,0.451,0.41,0.6809344414801506,0.9196818259003515,Not Significant
GENE_0271,542.49,-0.168,0.413,-0.41,0.6835038508313187,0.920878340898353,Not Significant
GENE_0301,388.02,-0.113,0.282,-0.4,0.6880399800067213,0.9214744604237548,Not Significant
GENE_0185,498.43,0.207,0.519,0.4,0.6900861254388593,0.9214744604237548,Not Significant
GENE_0119,78.68,0.155,0.39,0.4,0.6905405540487164,0.9214744604237548,Not Significant
GENE_0210,36.82,0.133,0.334,0.4,0.6906846961128693,0.9214744604237548,Not Significant
GENE_0491,194.16,0.125,0.316,0.4,0.6927870443191829,0.9220304458457252,Not Significant
GENE_0409,93.68,-0.118,0.305,-0.39,0.6982045140466424,0.9227749556571434,Not Significant
GENE_0459,149.51,-0.068,0.176,-0.39,0.6982155193245434,0.9227749556571434,Not Significant
GENE_0389,18.87,0.202,0.521,0.39,0.6984073704607996,0.9227749556571434,Not Significant
GENE_0024,916.5,0.12,0.313,0.38,0.7006731295286515,0.9231609969098643,Not Significant
GENE_0250,95.72,0.127,0.332,0.38,0.702962167894785,0.9231609969098643,Not Significant
GENE_0375,303.6,-0.155,0.408,-0.38,0.7037625881378673,0.9231609969098643,Not Significant
GENE_0498,41.78,-0.131,0.349,-0.38,0.7066195053680314,0.924691075206491,Not Significant
GENE_0469,132.52,-0.149,0.401,-0.37,0.7103351379145246,0.9247119973531447,Not Significant
GENE_0212,45.82,0.114,0.309,0.37,0.711324778106912,0.9247119973531447,Not Significant
GENE_0363,72.06,-0.166,0.452,-0.37,0.7136397482698357,0.9247119973531447,Not Significant
GENE_0254,45.0,0.13,0.355,0.37,0.714676916381944,0.9247119973531447,Not Significant
GENE_0308,297.55,0.072,0.196,0.37,0.7150880710793057,0.9247119973531447,Not Significant
GENE_0423,153.68,-0.131,0.372,-0.35,0.724579901748027,0.9294664115294425,Not Significant
GENE_0171,371.36,-0.09,0.256,-0.35,0.7246263832298205,0.9294664115294425,Not Significant
GENE_0398,163.83,-0.114,0.324,-0.35,0.7261599100132179,0.9294664115294425,Not Significant
GENE_0404,417.11,0.111,0.321,0.35,0.7283138879658229,0.9294664115294425,Not Significant
GENE_0233,284.16,-0.066,0.192,-0.35,0.7289528722257321,0.9294664115294425,Not Significant
GENE_0023,28.39,0.198,0.576,0.34,0.7312388101271884,0.9294664115294425,Not Significant
GENE_0279,176.03,0.075,0.219,0.34,0.7322589866200984,0.9294664115294425,Not Significant
HPRT1,17.74,-0.12,0.35,-0.34,0.7323583608211878,0.9294664115294425,Not Significant
GENE_0333,134.58,0.143,0.423,0.34,0.7350311543734971,0.9295610949249817,Not Significant
GENE_0462,266.43,-0.117,0.346,-0.34,0.7358317259643823,0.9295610949249817,Not Significant
GENE_0110,275.83,0.178,0.536,0.33,0.7394983433186817,0.9317000413553916,Not Significant
GENE_0106,255.08,0.11,0.332,0.33,0.7409314771290592,0.9317000413553916,Not Significant
GENE_0449,126.59,0.098,0.302,0.32,0.745794967993747,0.9356647878270176,Not Significant
GENE_0415,159.67,0.117,0.368,0.32,0.7502787041626859,0.9376470932618812,Not Significant
GENE_0339,209.73,-0.155,0.488,-0.32,0.7508033397599707,0.9376470932618812,Not Significant
GENE_0400,97.12,-0.071,0.228,-0.31,0.7569286166207213,0.9381706247026722,Not Significant
GENE_0218,35.44,0.142,0.461,0.31,0.7574484471266991,0.9381706247026722,Not Significant
GENE_0201,37.77,-0.142,0.461,-0.31,0.7588896119702893,0.9381706247026722,Not Significant
GENE_0174,80.42,-0.119,0.389,-0.31,0.759540976689874,0.9381706247026722,Not Significant
GENE_0178,180.07,-0.144,0.471,-0.31,0.7597981476111221,0.9381706247026722,Not Significant
GENE_0302,220.5,-0.144,0.484,-0.3,0.7664031226624191,0.9425583070884709,Not Significant
GENE_0021,44.06,-0.128,0.444,-0.29,0.7740519443380529,0.9425583070884709,Not Significant
GENE_0071,126.75,-0.084,0.295,-0.29,0.7750348961796596,0.9425583070884709,Not Significant
GENE_0063,142.33,-0.058,0.206,-0.28,0.7767326277736539,0.9425583070884709,Not Significant
GENE_0203,545.78,0.132,0.467,0.28,0.7781636178719212,0.9425583070884709,Not Significant
GENE_0335,542.43,-0.125,0.448,-0.28,0.7802769994085476,0.9425583070884709,Not Significant
GENE_0013,134.73,-0.199,0.713,-0.28,0.7805226909383677,0.9425583070884709,Not Significant
GENE_0206,77.1,-0.074,0.266,-0.28,0.7817742088782101,0.9425583070884709,Not Significant
GENE_0010,25.48,0.072,0.261,0.28,0.7824360009911022,0.9425583070884709,Not Significant
GENE_0399,194.99,-0.108,0.392,-0.28,0.7826864398610689,0.9425583070884709,Not Significant
GENE_0140,55.52,0.085,0.311,0.27,0.7848265244088142,0.9425583070884709,Not Significant
GENE_0438,260.16,-0.056,0.205,-0.27,0.7852800319595403,0.9425583070884709,Not Significant
GENE_0441,83.96,0.1,0.372,0.27,0.7871679898766193,0.9425583070884709,Not Significant
GENE_0057,27.77,-0.136,0.505,-0.27,0.7874755874578268,0.9425583070884709,Not Significant
GENE_0147,136.61,0.094,0.362,0.26,0.7953047647909695,0.9473131201586368,Not Significant
GENE_0494,89.83,-0.074,0.285,-0.26,0.7959219226122451,0.9473131201586368,Not Significant
GENE_0223,204.16,-0.091,0.357,-0.26,0.7976772321509824,0.9473131201586368,Not Significant
GENE_0356,341.34,0.102,0.403,0.25,0.800343275278132,0.9473131201586368,Not Significant
GENE_0346,43.92,-0.095,0.375,-0.25,0.8005205355212389,0.9473131201586368,Not Significant
GENE_0370,46.96,0.122,0.486,0.25,0.801839076112338,0.9473131201586368,Not Significant
GENE_0467,55.93,-0.154,0.622,-0.25,0.8044266506122222,0.948321935096736,Not Significant
GENE_0004,16.11,-0.076,0.316,-0.24,0.809730691081947,0.9492123995418192,Not Significant
GENE_0318,21.36,0.11,0.462,0.24,0.8113089144639443,0.9492123995418192,Not Significant
GENE_0395,143.16,0.036,0.154,0.24,0.8133442808738589,0.9492123995418192,Not Significant
GENE_0008,146.45,-0.087,0.37,-0.24,0.8137165776253422,0.9492123995418192,Not Significant
GENE_0003,358.18,-0.091,0.386,-0.24,0.8138585290404264,0.9492123995418192,Not Significant
GENE_0044,125.03,0.093,0.401,0.23,0.8171706829186898,0.9510475820351559,Not Significant
GENE_0169,59.78,0.045,0.198,0.23,0.8202796765155681,0.9521760511782646,Not Significant
GENE_0340,220.33,-0.057,0.254,-0.23,0.8216217480002577,0.9521760511782646,Not Significant
GENE_0164,252.96,0.081,0.367,0.22,0.8257728673526035,0.9522485493297259,Not Significant
GENE_0162,282.48,0.055,0.251,0.22,0.8258192841837182,0.9522485493297259,Not Significant
GENE_0454,22.85,0.121,0.551,0.22,0.8269068755605481,0.9522485493297259,Not Significant
GENE_0341,1040.2,-0.067,0.331,-0.2,0.8405777951321772,0.9659580965069348,Not Significant
GENE_0383,217.54,-0.049,0.249,-0.19,0.8454775853414264,0.9695518641127049,Not Significant
GENE_0334,65.96,0.099,0.52,0.19,0.8497377695939247,0.9700690820462411,Not Significant
GENE_0002,302.51,0.079,0.421,0.19,0.8511229645258085,0.9700690820462411,Not Significant
GENE_0165,84.52,0.057,0.304,0.19,0.8512489202599557,0.9700690820462411,Not Significant
GENE_0413,39.83,-0.091,0.505,-0.18,0.8575544459753406,0.9752230393939944,Not Significant
GENE_0483,364.0,-0.038,0.215,-0.17,0.8616682542653005,0.975999324051729,Not Significant
GENE_0300,590.39,0.07,0.404,0.17,0.861805618861033,0.975999324051729,Not Significant
GENE_0243,447.9,0.092,0.548,0.17,0.8659355083007942,0.9771125229691322,Not Significant
GENE_0378,93.03,0.071,0.423,0.17,0.8663611949543494,0.9771125229691322,Not Significant
GENE_0208,76.63,-0.129,0.779,-0.16,0.8689769541166903,0.9780460779873037,Not Significant
GENE_0329,371.92,0.058,0.368,0.16,0.8745408569495112,0.9798658668485261,Not Significant
GENE_0046,83.68,0.087,0.558,0.16,0.8758216997627786,0.9798658668485261,Not Significant
GENE_0011,60.49,-0.064,0.411,-0.16,0.8759678407475855,0.9798658668485261,Not Significant
SDHA,333.34,-0.023,0.152,-0.15,0.8806935316123599,0.9814057392211217,Not Significant
GENE_0135,107.18,-0.044,0.294,-0.15,0.8809327567780088,0.9814057392211217,Not Significant
GENE_0123,169.8,-0.04,0.279,-0.14,0.8858923588222872,0.9816546874536227,Not Significant
GENE_0229,158.95,0.074,0.517,0.14,0.8863194059617424,0.9816546874536227,Not Significant
GENE_0453,83.75,0.027,0.192,0.14,0.8865400650860871,0.9816546874536227,Not Significant
GENE_0500,30.12,-0.066,0.499,-0.13,0.8940608292399765,0.9866417584415206,Not Significant
GENE_0235,157.1,0.06,0.454,0.13,0.8946513933948705,0.9866417584415206,Not Significant
GENE_0456,34.82,0.037,0.291,0.13,0.8977575648131113,0.9880752272691588,Not Significant
GENE_0207,133.99,0.039,0.353,0.11,0.912475893043093,0.99525542556375,Not Significant
GENE_0463,71.57,-0.055,0.505,-0.11,0.9125991621490006,0.99525542556375,Not Significant
GENE_0136,343.42,0.037,0.344,0.11,0.9132140625735274,0.99525542556375,Not Significant
GENE_0213,107.53,-0.038,0.352,-0.11,0.9135591781255316,0.99525542556375,Not Significant
GENE_0397,21.71,0.063,0.586,0.11,0.9148822043408951,0.99525542556375,Not Significant
GENE_0205,803.83,-0.018,0.17,-0.1,0.9165340382749287,0.99525542556375,Not Significant
GENE_0323,588.59,-0.047,0.474,-0.1,0.9203348216239934,0.99525542556375,Not Significant
GENE_0471,172.15,-0.029,0.291,-0.1,0.9205317657415287,0.99525542556375,Not Significant
GENE_0120,164.13,0.02,0.212,0.1,0.9241370530181411,0.99525542556375,Not Significant
GENE_0392,474.83,-0.038,0.4,-0.09,0.9248775157166877,0.99525542556375,Not Significant
GENE_0351,161.86,-0.026,0.293,-0.09,0.9279858322239356,0.99525542556375,Not Significant
GENE_0173,96.2,-0.035,0.386,-0.09,0.9283689919483686,0.99525542556375,Not Significant
GENE_0188,62.79,0.027,0.303,0.09,0.9296263343694332,0.99525542556375,Not Significant
GENE_0377,564.21,0.029,0.326,0.09,0.9303900225091717,0.99525542556375,Not Significant
GENE_0095,163.92,-0.041,0.494,-0.08,0.9339755153593963,0.99525542556375,Not Significant
GENE_0149,218.6,0.016,0.192,0.08,0.9354222007643314,0.99525542556375,Not Significant
GENE_0034,32.73,-0.037,0.452,-0.08,0.9354360032053881,0.99525542556375,Not Significant
GENE_0268,756.94,-0.034,0.437,-0.08,0.9370320734283935,0.99525542556375,Not Significant
GENE_0443,126.13,-0.023,0.308,-0.07,0.9404156770188348,0.9962324790484622,Not Significant
GENE_0331,183.68,-0.021,0.318,-0.07,0.9462701065861586,0.9962324790484622,Not Significant
GENE_0290,162.9,0.039,0.61,0.06,0.9488463371753253,0.9962324790484622,Not Significant
GENE_0152,53.35,-0.024,0.373,-0.06,0.9492000798933096,0.9962324790484622,Not Significant
GENE_0460,393.24,0.029,0.453,0.06,0.9495900354256297,0.9962324790484622,Not Significant
GENE_0116,161.66,-0.024,0.406,-0.06,0.9523823627325207,0.9962324790484622,Not Significant
GENE_0088,283.01,-0.02,0.351,-0.06,0.9538412299838644,0.9962324790484622,Not Significant
GENE_0006,378.66,-0.021,0.37,-0.06,0.9542133026292826,0.9962324790484622,Not Significant
GENE_0428,74.1,-0.034,0.593,-0.06,0.9546385380066128,0.9962324790484622,Not Significant
GENE_0386,569.26,0.021,0.386,0.05,0.9571542439472857,0.9962324790484622,Not Significant
GENE_0248,288.67,0.01,0.192,0.05,0.9579858939295999,0.9962324790484622,Not Significant
GENE_0159,85.7,-0.017,0.371,-0.05,0.9639289928371562,0.9980649977556932,Not Significant
GENE_0150,583.66,0.009,0.21,0.04,0.9675761497876728,0.9980649977556932,Not Significant
GENE_0362,59.15,0.015,0.373,0.04,0.9678913644737732,0.9980649977556932,Not Significant
GENE_0445,173.49,-0.007,0.173,-0.04,0.9687670894859093,0.9980649977556932,Not Significant
GENE_0180,533.61,0.006,0.154,0.04,0.9696647766517142,0.9980649977556932,Not Significant
GENE_0125,305.77,0.011,0.308,0.04,0.9706957565009667,0.9980649977556932,Not Significant
GENE_0414,91.8,-0.012,0.399,-0.03,0.9761407244379385,0.999453876949328,Not Significant
GENE_0432,841.18,0.009,0.338,0.03,0.9791988714456092,0.999453876949328,Not Significant
GENE_0353,61.81,0.011,0.425,0.03,0.9795537106725372,0.999453876949328,Not Significant
GENE_0087,103.43,-0.007,0.318,-0.02,0.9819183322172963,0.999453876949328,Not Significant
GENE_0249,83.48,0.004,0.175,0.02,0.9819489996074289,0.999453876949328,Not Significant
GENE_0081,382.49,0.004,0.258,0.02,0.9862158278707072,0.999453876949328,Not Significant
GENE_0102,120.04,0.003,0.262,0.01,0.989537786344995,0.999453876949328,Not Significant
GENE_0089,83.12,0.005,0.395,0.01,0.9901364312526176,0.999453876949328,Not Significant
GENE_0321,94.16,-0.003,0.272,-0.01,0.9905976146903949,0.999453876949328,Not Significant
GENE_0305,299.8,0.002,0.247,0.01,0.9935917035198939,0.999453876949328,Not Significant
GENE_0146,48.35,-0.003,0.464,-0.01,0.9945823404323917,0.999453876949328,Not Significant
GENE_0020,48.03,-0.001,0.322,-0.0,0.9977884030287894,0.999453876949328,Not Significant
GENE_0059,643.74,0.001,0.347,0.0,0.9987996958886081,0.999453876949328,Not Significant
MKI67,88.26,-0.001,0.51,-0.0,0.9991531340891616,0.999453876949328,Not Significant
GENE_0358,56.44,0.0,0.617,0.0,0.9994538769493279,0.999453876949328,Not Significant
