gene_id	Control_Rep1	Control_Rep2	Control_Rep3	Treated_Rep1	Treated_Rep2	Treated_Rep3
KLK3	5403	8245	6379	30834	33137	20082
FKBP5	1974	2144	2597	7764	14368	13595
TMPRSS2	42	59	36	221	315	381
NKX3-1	108	369	295	1469	1700	1519
SLC45A3	90	54	76	199	141	285
ELL2	67	59	35	170	140	223
ABCC4	655	323	547	3965	2606	3239
HERC3	21	15	21	50	50	56
ZBTB10	38	63	40	216	234	331
PMEPA1	135	127	127	452	692	218
STEAP1	23	50	18	214	121	176
STEAP2	1060	755	660	4116	5066	2143
S100A6	241	182	388	355	749	608
GUCY1A3	57	48	44	232	285	251
SEC14L2	124	100	164	312	342	275
PPAP2A	25	32	44	218	188	123
MAOA	69	67	129	319	306	349
ACSL3	71	76	107	456	322	440
NDRG1	142	134	217	436	455	565
IGF1R	112	136	119	430	516	364
MYC	36	38	104	4	9	15
DKK1	161	149	102	35	52	76
CDH1	95	124	79	11	19	32
IL6	56	81	63	24	35	17
IGFBP3	380	304	374	146	217	143
SNAI2	312	242	189	139	84	75
VIM	77	77	103	66	48	49
TGFB2	198	314	197	115	58	154
MKI67	108	97	62	59	147	64
CDKN1A	17	21	29	3	4	10
TOP2A	104	50	48	46	40	42
CCND1	221	179	252	38	97	70
AURKA	50	44	49	39	42	21
BCL2	305	198	238	95	90	101
FOXA1	263	197	272	100	123	95
ACTB	6147	7368	10409	5045	3678	4267
GAPDH	9930	7261	8110	14482	11020	6288
TBP	138	213	141	195	249	139
B2M	133	168	140	150	100	113
HPRT1	22	12	22	14	23	15
RPLP0	46	55	46	57	43	40
PPIA	69	52	57	71	56	31
GUSB	17	18	12	17	3	12
PGK1	182	248	311	243	356	229
YWHAZ	54	65	36	81	86	91
SDHA	355	289	372	368	285	360
HMBS	58	47	24	58	64	57
GENE_0001	24	23	34	22	26	25
GENE_0002	262	455	171	290	291	371
GENE_0003	247	418	450	214	457	391
GENE_0004	15	17	18	20	13	15
GENE_0005	221	168	250	196	171	397
GENE_0006	581	254	321	393	395	363
GENE_0007	1043	1419	771	618	1013	1189
GENE_0008	127	112	217	115	140	180
GENE_0009	421	428	194	445	389	361
GENE_0010	23	28	24	25	32	23
GENE_0011	75	75	37	64	79	38
GENE_0012	155	94	133	81	43	173
GENE_0013	86	77	272	96	167	121
GENE_0014	20	35	27	37	29	47
GENE_0015	136	224	134	123	156	164
GENE_0016	666	402	495	523	523	314
GENE_0017	230	175	157	202	165	169
GENE_0018	903	551	1537	871	1845	1880
GENE_0019	32	25	20	18	40	37
GENE_0020	31	50	64	51	56	40
GENE_0021	40	54	45	34	26	69
GENE_0022	145	92	107	124	175	250
GENE_0023	32	11	37	47	27	19
GENE_0024	819	676	1160	725	1211	987
GENE_0025	93	77	87	135	85	98
GENE_0026	64	68	50	32	45	51
GENE_0027	391	381	427	356	264	326
GENE_0028	224	397	326	465	291	380
GENE_0029	80	123	66	68	77	77
GENE_0030	45	39	61	32	17	44
GENE_0031	121	145	91	137	141	141
GENE_0032	25	27	28	15	25	25
GENE_0033	111	129	134	128	82	126
GENE_0034	23	48	29	27	25	47
GENE_0035	43	53	57	69	33	37
GENE_0036	155	250	179	182	259	396
GENE_0037	331	832	887	1137	761	734
GENE_0038	74	51	93	60	78	114
GENE_0039	574	170	347	517	523	531
GENE_0040	269	364	391	363	353	374
GENE_0041	667	491	191	540	608	595
GENE_0042	95	60	116	63	83	74
GENE_0043	553	477	647	702	463	403
GENE_0044	136	108	122	154	177	64
GENE_0045	187	118	68	153	204	202
GENE_0046	142	71	33	73	103	88
GENE_0047	53	49	31	33	49	77
GENE_0048	39	19	49	29	28	35
GENE_0049	170	273	159	250	361	210
GENE_0050	122	108	144	53	143	108
GENE_0051	217	192	214	323	340	306
GENE_0052	123	95	123	152	228	217
GENE_0053	64	37	26	57	48	66
GENE_0054	337	268	188	179	126	239
GENE_0055	398	330	187	454	471	443
GENE_0056	228	185	180	215	280	219
GENE_0057	27	19	42	41	17	23
GENE_0058	277	277	265	141	188	197
GENE_0059	816	532	600	801	387	785
GENE_0060	42	56	96	83	70	113
GENE_0061	112	134	151	81	104	62
GENE_0062	154	210	172	245	287	185
GENE_0063	142	122	175	166	142	119
GENE_0064	36	59	50	40	67	70
GENE_0065	22	39	27	26	48	58
GENE_0066	143	110	154	147	122	184
GENE_0067	26	10	31	33	35	38
GENE_0068	65	52	83	61	50	30
GENE_0069	118	169	80	76	115	125
GENE_0070	16	21	10	22	19	16
GENE_0071	117	160	117	147	82	148
GENE_0072	85	75	71	61	60	48
GENE_0073	78	55	59	36	44	55
GENE_0074	1302	1221	922	1051	659	969
GENE_0075	96	118	101	79	110	68
GENE_0076	19	16	45	27	9	17
GENE_0077	242	122	171	186	274	198
GENE_0078	178	207	334	281	189	170
GENE_0079	94	175	154	133	112	142
GENE_0080	165	150	272	140	183	141
GENE_0081	337	512	304	393	423	357
GENE_0082	130	71	81	60	42	101
GENE_0083	144	276	365	299	326	313
GENE_0084	122	186	190	352	148	205
GENE_0085	245	117	146	285	273	199
GENE_0086	596	922	529	401	281	725
GENE_0087	136	67	111	85	104	127
GENE_0088	249	286	326	227	418	215
GENE_0089	106	95	50	55	92	108
GENE_0090	441	511	430	694	374	673
GENE_0091	299	260	119	301	266	390
GENE_0092	35	23	21	18	27	21
GENE_0093	166	215	170	219	127	155
GENE_0094	123	135	115	49	130	118
GENE_0095	87	270	144	181	137	177
GENE_0096	431	423	462	515	265	340
GENE_0097	25	18	5	25	21	21
GENE_0098	35	56	51	55	68	36
GENE_0099	90	71	106	83	76	67
GENE_0100	340	177	220	255	172	215
GENE_0101	30	26	28	21	34	37
GENE_0102	87	119	156	133	129	106
GENE_0103	120	129	105	132	165	195
GENE_0104	67	107	44	65	66	27
GENE_0105	30	41	31	24	23	13
GENE_0106	160	351	229	241	274	296
GENE_0107	310	297	441	258	246	361
GENE_0108	60	31	74	25	26	50
GENE_0109	36	26	50	45	57	50
GENE_0110	284	347	151	470	236	191
GENE_0111	239	229	152	132	144	252
GENE_0112	244	259	208	129	263	243
GENE_0113	17	24	33	34	31	19
GENE_0114	371	239	263	468	291	478
GENE_0115	548	490	484	521	409	370
GENE_0116	98	156	238	134	153	204
GENE_0117	78	137	61	117	168	113
GENE_0118	168	152	98	122	213	180
GENE_0119	67	48	110	107	75	72
GENE_0120	185	137	171	141	208	157
GENE_0121	78	91	115	59	84	74
GENE_0122	82	61	59	45	54	51
GENE_0123	162	215	143	200	121	192
GENE_0124	188	132	207	136	138	127
GENE_0125	192	345	382	256	348	336
GENE_0126	375	946	1057	748	507	659
GENE_0127	121	113	76	89	117	83
GENE_0128	183	413	194	153	215	250
GENE_0129	27	19	15	21	13	14
GENE_0130	117	141	127	226	231	193
GENE_0131	129	177	252	181	123	116
GENE_0132	157	80	122	185	117	200
GENE_0133	105	99	92	109	99	133
GENE_0134	75	111	59	102	151	126
GENE_0135	118	113	98	82	150	91
GENE_0136	284	313	427	330	247	489
GENE_0137	192	191	263	105	147	143
GENE_0138	57	85	65	74	59	59
GENE_0139	260	241	381	236	248	153
GENE_0140	64	45	54	50	80	45
GENE_0141	44	91	53	85	72	79
GENE_0142	138	126	195	157	273	162
GENE_0143	257	258	405	204	141	292
GENE_0144	83	152	142	177	260	182
GENE_0145	66	74	40	146	65	82
GENE_0146	25	54	67	51	32	65
GENE_0147	150	70	180	122	160	150
GENE_0148	161	239	150	119	148	235
GENE_0149	226	262	169	210	244	219
GENE_0150	662	549	549	574	743	475
GENE_0151	55	64	121	79	67	54
GENE_0152	77	29	57	52	59	51
GENE_0153	78	106	107	73	51	130
GENE_0154	1171	1077	1312	1233	1254	1370
GENE_0155	167	162	127	152	184	204
GENE_0156	45	86	62	54	42	62
GENE_0157	192	137	93	139	262	274
GENE_0158	379	194	148	140	226	244
GENE_0159	104	46	111	80	76	105
GENE_0160	384	365	396	321	174	314
GENE_0161	15	22	17	30	24	20
GENE_0162	333	293	212	327	222	333
GENE_0163	138	253	238	88	254	113
GENE_0164	230	236	277	250	163	384
GENE_0165	63	111	76	70	88	106
GENE_0166	1050	1142	1223	1408	1115	1611
GENE_0167	233	280	255	183	120	133
GENE_0168	89	61	76	57	53	61
GENE_0169	67	49	62	58	53	75
GENE_0170	85	81	63	40	49	54
GENE_0171	315	337	505	384	313	405
GENE_0172	249	151	188	202	168	91
GENE_0173	80	113	101	49	125	117
GENE_0174	65	75	113	101	88	47
GENE_0175	94	82	151	114	191	113
GENE_0176	134	208	147	222	294	160
GENE_0177	224	215	298	298	425	383
GENE_0178	305	159	109	199	152	173
GENE_0179	243	182	125	108	155	187
GENE_0180	504	574	531	582	440	616
GENE_0181	56	42	51	58	49	57
GENE_0182	114	193	214	186	155	141
GENE_0183	32	81	40	42	34	37
GENE_0184	81	133	88	231	128	107
GENE_0185	699	337	366	286	775	574
GENE_0186	321	727	431	483	276	461
GENE_0187	93	153	160	122	114	115
GENE_0188	64	70	54	67	85	42
GENE_0189	1609	1257	1144	993	1569	758
GENE_0190	164	186	91	156	152	228
GENE_0191	63	27	54	56	86	52
GENE_0192	236	79	115	92	94	58
GENE_0193	80	140	102	42	120	102
GENE_0194	51	78	69	65	149	127
GENE_0195	24	32	23	28	30	53
GENE_0196	420	800	509	666	785	621
GENE_0197	20	18	22	21	20	14
GENE_0198	113	141	119	58	142	117
GENE_0199	18	15	23	17	7	11
GENE_0200	88	76	65	123	98	58
GENE_0201	53	38	29	29	24	57
GENE_0202	276	200	284	408	411	365
GENE_0203	661	342	574	537	341	871
GENE_0204	517	597	308	350	806	902
GENE_0205	684	832	927	736	934	776
GENE_0206	80	82	77	49	97	84
GENE_0207	96	149	154	96	130	190
GENE_0208	30	153	58	70	108	46
GENE_0209	58	32	107	67	100	83
GENE_0210	26	28	52	42	40	36
GENE_0211	773	482	543	583	326	584
GENE_0212	49	46	38	67	35	44
GENE_0213	93	131	105	156	79	90
GENE_0214	179	173	172	202	190	207
GENE_0215	225	276	492	187	360	209
GENE_0216	50	41	64	57	136	78
GENE_0217	565	226	477	521	648	393
GENE_0218	52	29	21	51	27	36
GENE_0219	221	295	287	123	143	196
GENE_0220	360	382	141	279	379	348
GENE_0221	25	35	40	31	45	10
GENE_0222	172	302	167	195	211	178
GENE_0223	161	223	252	151	287	167
GENE_0224	137	166	77	141	56	111
GENE_0225	10	9	14	16	11	12
GENE_0226	20	11	12	11	30	17
GENE_0227	139	199	155	74	121	129
GENE_0228	90	104	148	168	107	128
GENE_0229	82	191	194	92	244	163
GENE_0230	126	141	150	152	202	130
GENE_0231	54	57	65	77	140	63
GENE_0232	628	473	672	486	532	392
GENE_0233	324	305	250	225	333	292
GENE_0234	46	50	60	44	40	48
GENE_0235	118	239	107	187	191	113
GENE_0236	190	378	208	336	202	102
GENE_0237	345	522	302	282	303	204
GENE_0238	103	131	137	97	143	84
GENE_0239	98	77	170	120	51	110
GENE_0240	290	200	146	269	319	206
GENE_0241	532	239	380	451	492	467
GENE_0242	96	36	106	102	95	139
GENE_0243	215	401	692	672	351	393
GENE_0244	217	122	193	112	99	137
GENE_0245	257	276	202	227	142	99
GENE_0246	25	48	46	33	34	39
GENE_0247	51	43	40	33	17	34
GENE_0248	310	232	328	331	311	245
GENE_0249	88	88	76	96	82	78
GENE_0250	127	86	64	123	105	78
GENE_0251	179	143	180	104	160	166
GENE_0252	292	218	339	198	269	293
GENE_0253	15	13	14	15	11	9
GENE_0254	57	41	32	42	65	37
GENE_0255	41	75	42	45	51	46
GENE_0256	149	155	253	151	158	168
GENE_0257	41	110	108	69	64	51
GENE_0258	47	30	59	48	70	84
GENE_0259	29	13	20	12	34	39
GENE_0260	107	156	215	153	326	269
GENE_0261	298	234	237	301	519	492
GENE_0262	324	200	202	275	302	296
GENE_0263	198	208	243	277	409	187
GENE_0264	189	116	141	241	117	278
GENE_0265	182	162	216	88	193	141
GENE_0266	334	316	195	292	545	229
GENE_0267	23	20	36	14	25	27
GENE_0268	898	1073	344	851	810	629
GENE_0269	200	127	242	120	94	104
GENE_0270	253	158	166	170	133	161
GENE_0271	514	675	545	768	544	252
GENE_0272	105	168	185	150	227	178
GENE_0273	58	47	62	70	64	72
GENE_0274	344	297	281	324	243	445
GENE_0275	103	126	105	120	174	166
GENE_0276	241	356	426	319	154	333
GENE_0277	278	278	187	268	216	205
GENE_0278	297	229	359	216	304	168
GENE_0279	152	166	200	210	204	139
GENE_0280	257	304	306	413	314	306
GENE_0281	76	45	75	89	69	92
GENE_0282	132	84	152	110	80	105
GENE_0283	361	645	398	543	486	556
GENE_0284	5	10	28	14	8	10
GENE_0285	278	248	389	387	342	660
GENE_0286	240	327	230	158	162	232
GENE_0287	26	35	23	49	41	50
GENE_0288	116	89	81	140	99	123
GENE_0289	66	62	45	59	29	58
GENE_0290	150	78	258	242	83	181
GENE_0291	159	115	148	179	150	132
GENE_0292	365	282	297	355	222	207
GENE_0293	102	51	147	65	86	99
GENE_0294	451	650	561	590	356	354
GENE_0295	209	139	147	149	166	79
GENE_0296	132	160	103	149	132	181
GENE_0297	115	95	143	105	90	108
GENE_0298	225	182	274	168	204	135
GENE_0299	103	111	100	106	235	124
GENE_0300	477	712	550	901	571	380
GENE_0301	293	499	425	351	321	470
GENE_0302	302	153	246	209	323	109
GENE_0303	252	240	307	198	208	211
GENE_0304	126	185	195	141	142	189
GENE_0305	251	292	362	253	280	386
GENE_0306	88	72	62	43	59	75
GENE_0307	203	177	130	135	143	105
GENE_0308	219	317	340	336	285	313
GENE_0309	120	79	52	115	73	140
GENE_0310	186	81	76	99	61	93
GENE_0311	17	20	13	16	11	14
GENE_0312	140	289	198	288	204	433
GENE_0313	34	44	34	23	43	28
GENE_0314	63	55	73	28	35	57
GENE_0315	39	62	28	31	31	12
GENE_0316	379	639	275	391	323	212
GENE_0317	261	220	339	391	431	388
GENE_0318	18	20	24	18	14	36
GENE_0319	296	298	246	472	383	280
GENE_0320	175	281	294	370	294	294
GENE_0321	104	98	83	62	112	114
GENE_0322	101	194	69	213	163	249
GENE_0323	730	733	346	755	722	295
GENE_0324	682	344	497	404	327	326
GENE_0325	27	13	25	40	16	35
GENE_0326	168	299	168	224	356	467
GENE_0327	13	9	23	32	12	13
GENE_0328	110	51	78	43	77	26
GENE_0329	239	533	327	458	362	342
GENE_0330	62	88	75	67	97	35
GENE_0331	157	181	221	155	258	145
GENE_0332	61	89	115	71	122	128
GENE_0333	152	95	140	148	79	206
GENE_0334	33	86	73	105	47	57
GENE_0335	422	710	576	327	443	820
GENE_0336	560	358	548	355	777	607
GENE_0337	170	229	225	197	184	201
GENE_0338	43	42	55	39	45	49
GENE_0339	184	140	344	265	141	202
GENE_0340	203	215	261	210	285	166
GENE_0341	963	792	1462	1246	786	1081
GENE_0342	23	32	36	32	20	28
GENE_0343	124	183	121	155	174	136
GENE_0344	482	319	283	323	181	287
GENE_0345	77	110	104	77	87	82
GENE_0346	34	48	55	58	47	25
GENE_0347	29	30	42	29	18	21
GENE_0348	132	115	106	122	76	97
GENE_0349	437	361	220	248	175	266
GENE_0350	328	362	183	343	184	178
GENE_0351	121	206	166	183	187	121
GENE_0352	208	158	99	130	123	161
GENE_0353	53	61	72	98	52	40
GENE_0354	240	161	169	188	198	376
GENE_0355	246	247	189	253	259	312
GENE_0356	443	243	311	338	237	508
GENE_0357	313	229	461	230	243	239
GENE_0358	77	21	73	55	30	88
GENE_0359	530	314	260	400	380	470
GENE_0360	32	113	58	100	106	59
GENE_0361	96	165	137	80	124	149
GENE_0362	65	42	71	40	84	58
GENE_0363	57	106	67	47	58	103
GENE_0364	470	554	380	360	379	458
GENE_0365	116	81	76	121	100	92
GENE_0366	524	279	368	402	368	245
GENE_0367	19	26	23	31	33	25
GENE_0368	17	13	30	10	10	18
GENE_0369	293	237	290	203	220	232
GENE_0370	61	57	18	36	49	65
GENE_0371	766	633	828	1039	828	796
GENE_0372	211	264	471	424	425	426
GENE_0373	292	201	179	122	164	169
GENE_0374	47	34	55	34	25	18
GENE_0375	318	304	345	467	205	208
GENE_0376	245	205	198	169	201	252
GENE_0377	514	370	805	564	577	604
GENE_0378	71	85	118	145	77	70
GENE_0379	105	57	110	77	72	45
GENE_0380	1035	653	1186	828	901	854
GENE_0381	285	281	282	339	272	360
GENE_0382	354	276	248	284	225	200
GENE_0383	268	252	149	204	217	234
GENE_0384	21	29	24	10	21	29
GENE_0385	933	1586	1472	1283	1451	1654
GENE_0386	399	790	516	500	779	476
GENE_0387	234	120	109	158	179	194
GENE_0388	36	41	65	31	52	45
GENE_0389	21	18	14	15	13	34
GENE_0390	59	84	41	44	61	43
GENE_0391	257	277	249	280	533	337
GENE_0392	565	470	420	359	341	736
GENE_0393	126	77	64	97	67	148
GENE_0394	67	97	82	119	88	116
GENE_0395	124	150	153	172	137	135
GENE_0396	38	29	37	27	31	23
GENE_0397	14	33	17	34	11	23
GENE_0398	205	187	123	112	160	210
GENE_0399	246	200	166	284	116	175
GENE_0400	115	92	94	107	114	69
GENE_0401	152	193	150	110	131	169
GENE_0402	43	19	28	55	55	41
GENE_0403	122	185	149	94	118	62
GENE_0404	387	369	456	475	579	272
GENE_0405	137	85	92	115	96	169
GENE_0406	223	133	123	192	289	140
GENE_0407	1153	792	664	1097	1328	834
GENE_0408	637	414	703	394	500	443
GENE_0409	120	112	63	100	102	73
GENE_0410	134	128	93	70	83	152
GENE_0411	208	57	167	80	62	101
GENE_0412	514	813	464	422	480	363
GENE_0413	32	60	32	40	57	21
GENE_0414	63	138	77	78	89	113
GENE_0415	221	112	131	129	164	216
GENE_0416	142	148	126	228	137	135
GENE_0417	202	528	269	370	473	311
GENE_0418	144	279	210	232	150	117
GENE_0419	108	141	72	154	168	208
GENE_0420	380	284	351	179	240	443
GENE_0421	482	649	346	481	290	567
GENE_0422	902	1261	878	851	688	952
GENE_0423	193	173	120	191	176	82
GENE_0424	243	309	331	496	358	266
GENE_0425	107	127	129	125	85	48
GENE_0426	377	490	553	506	682	583
GENE_0427	113	132	136	201	177	176
GENE_0428	101	59	67	61	129	34
GENE_0429	769	497	676	442	657	531
GENE_0430	121	69	67	61	61	63
GENE_0431	319	439	468	436	419	460
GENE_0432	495	1130	904	748	887	949
GENE_0433	55	72	78	49	57	52
GENE_0434	60	29	63	52	65	96
GENE_0435	356	349	1024	681	1053	667
GENE_0436	573	565	539	521	719	684
GENE_0437	740	684	581	405	473	612
GENE_0438	291	242	269	264	319	198
GENE_0439	332	237	214	326	280	438
GENE_0440	139	136	262	113	81	148
GENE_0441	82	62	101	58	123	85
GENE_0442	411	447	277	365	321	729
GENE_0443	116	153	115	90	172	121
GENE_0444	16	43	16	19	7	15
GENE_0445	203	165	158	145	200	185
GENE_0446	24	10	19	11	5	25
GENE_0447	405	456	281	292	176	351
GENE_0448	601	878	599	606	1158	656
GENE_0449	143	90	137	105	120	176
GENE_0450	540	485	477	361	248	641
GENE_0451	36	67	62	53	33	17
GENE_0452	99	57	105	124	174	167
GENE_0453	104	76	71	92	75	92
GENE_0454	19	35	12	33	14	26
GENE_0455	1489	930	1672	766	667	1227
GENE_0456	43	27	34	43	40	25
GENE_0457	376	322	642	414	374	363
GENE_0458	123	134	86	216	130	92
GENE_0459	180	141	142	121	163	163
GENE_0460	573	373	233	449	251	517
GENE_0461	119	236	221	158	186	130
GENE_0462	253	385	199	324	223	236
GENE_0463	115	71	35	92	54	69
GENE_0464	44	51	41	62	46	49
GENE_0465	157	120	135	178	323	150
GENE_0466	156	84	129	134	207	149
GENE_0467	64	94	20	68	62	32
GENE_0468	280	198	405	194	183	377
GENE_0469	103	119	199	160	85	140
GENE_0470	506	320	492	259	366	444
GENE_0471	205	165	156	122	166	234
GENE_0472	35	21	44	50	61	57
GENE_0473	132	133	129	239	174	200
GENE_0474	164	316	341	295	184	269
GENE_0475	201	173	247	255	247	310
GENE_0476	375	641	284	537	195	241
GENE_0477	25	34	16	36	36	29
GENE_0478	95	39	69	66	78	159
GENE_0479	76	44	54	76	48	97
GENE_0480	144	109	89	129	81	54
GENE_0481	37	21	33	27	31	16
GENE_0482	384	197	647	674	471	621
GENE_0483	314	349	451	406	398	296
GENE_0484	402	344	246	208	249	233
GENE_0485	169	105	121	125	126	89
GENE_0486	23	25	19	31	26	18
GENE_0487	48	111	42	130	75	71
GENE_0488	279	287	225	140	266	111
GENE_0489	163	192	220	194	248	286
GENE_0490	17	28	24	20	49	24
GENE_0491	219	155	188	170	285	165
GENE_0492	358	344	607	257	498	312
GENE_0493	83	269	118	215	278	180
GENE_0494	62	115	101	94	99	75
GENE_0495	348	726	341	375	258	352
GENE_0496	77	98	90	38	32	55
GENE_0497	145	75	128	147	169	183
GENE_0498	34	41	57	40	54	28
GENE_0499	134	184	197	148	88	205
GENE_0500	26	46	21	21	44	25
